username,Orange
rando_username,Orange
rando_username,Orange
rando_username,Orange
rando_username,Orange
rando_username,Orange
rando_username,Orange
rando_username,Orange
rando_username,Orange
rando_username,Orange
username,color
username,color
username,color
username,color
username,color
username,color
username,color
username,color
aUser,pink
aUser,red
aUser,green
aUser,blue
aUser,red
aUser,purple
aUser,black
aUser,pink
mE,red
yOU,green
sOMeone,blue
aPerson,red
aNotherPerson,purple
aCoolguy,black
aUser,pink
mE,red
yOU,green
sOMeone,blue
aPerson,red
aNotherPerson,purple
aCoolguy,black
aUser,pink
mE,red
yOU,green
sOMeone,blue
aPerson,red
aNotherPerson,purple
aCoolguy,black
aUser,pink
mE,red
yOU,green
sOMeone,blue
aPerson,red
aNotherPerson,purple
aCoolguy,black
aUser,pink
mE,red
yOU,green
sOMeone,blue
aPerson,red
aNotherPerson,purple
aCoolguy,black
